<?xml version="1.0"?>
<!DOCTYPE hibernate-mapping PUBLIC "-//Hibernate/Hibernate Mapping DTD 3.0//EN"
"http://hibernate.sourceforge.net/hibernate-mapping-3.0.dtd">
<hibernate-mapping>
    <class name="csc.truong.assignment2.model.Address" table="address" >
        <id name="id" type="int">
            <column name="student_id" />
            <generator class="identity" />
        </id>
        
        <property name="street" type="string">
            <column name="street" />
        </property>
        
        <property name="city" type="string">
            <column name="city" />
        </property>
        <one-to-one name="student" 
        				class="csc.truong.assignment2.model.Student" 
        					constrained="true">
		</one-to-one>
    </class>
</hibernate-mapping>
