<?xml version="1.0"?>
<!DOCTYPE hibernate-mapping PUBLIC "-//Hibernate/Hibernate Mapping DTD 3.0//EN"
"http://hibernate.sourceforge.net/hibernate-mapping-3.0.dtd">
<hibernate-mapping>
    <class name="csc.truong.assignment2.model.Score" table="score" >
        <id name="id" type="int">
            <column name="id" />
            <generator class="increment" />
        </id>
        
        <property name="subject" type="string">
            <column name="subject" />
        </property>
        
        <property name="score" type="float">
            <column name="score" />
        </property>
        <many-to-one name="student" class="csc.truong.assignment2.model.Student" fetch="select">
            <column name="student_id" not-null="true"  />
        </many-to-one>
    </class>
</hibernate-mapping>
